iteration,reward_mean,length_mean,games,loss
1000,-0.88,2.12,8,0.08368752151727676
2000,-1.0,2.0,9,0.06880928575992584
3000,-0.88,2.12,8,0.03652395308017731
4000,-1.0,2.0,10,0.019096147269010544
