iteration,reward_mean,length_mean,games,loss
1000,-1.0,2.0,11,0.08098089694976807
2000,-1.0,2.0,9,0.06637890636920929
